date,oil_price,fx_rate,market_index,sentiment_score
2023-01-01,70.20615902569081,1.1099654436336213,3113.9975192167863,-0.7234489165518676
2023-01-02,70.71489227641496,1.1044982337661882,3087.4563637776096,0.03435708908666002
2023-01-03,72.10869580035371,1.0993567801623356,3012.949731151556,-0.20721983207749184
2023-01-04,70.27574790126391,1.1016923581770697,3066.2733858798574,0.8933315795946977
2023-01-05,70.08419515781748,1.090853786896622,3068.2772954811476,-0.8351765880791455
2023-01-06,69.84678529569302,1.0981386529175887,2993.299865057111,0.21551601029329093
2023-01-07,72.2927988760463,1.103783195272773,2975.670670584899,-0.5565364790106933
2023-01-08,73.97137051419746,1.1008542259836611,2903.2633215540563,0.5154747234059991
2023-01-09,74.45185095208903,1.1005273353078455,2844.798403516819,-0.502283051610803
2023-01-10,76.70116817259478,1.1230882555244976,2839.4317451362526,0.5194675251139331
2023-01-11,78.49861621082954,1.1241732724049471,2895.303014676451,0.24480695600491886
2023-01-12,80.99841431112714,1.1121724720091262,2860.70983096383,-0.007187699409883619
2023-01-13,79.33010773037515,1.118531931952614,2907.3996456597197,-0.23366910360320103
2023-01-14,77.96810420184885,1.1125326737628616,2909.457415124707,-0.3681824972689911
2023-01-15,78.30920702628944,1.1178947641911419,2957.4481444095077,-0.9145246730094552
2023-01-16,76.51238627809354,1.1249400297557792,3005.5219994792683,0.43722172304757745
2023-01-17,75.80581656035046,1.113896910260946,3005.162519123684,0.13156656804705813
2023-01-18,75.81744623058172,1.1139046315808472,3037.9848822784816,0.9766227744352414
2023-01-19,78.90790273439326,1.1192696837383544,3023.973870630818,-0.8928529103263148
2023-01-20,82.16053278583755,1.1286598892615753,3075.5209535351787,0.8639040793898045
2023-01-21,82.26975267857902,1.1208813543581253,3118.119360726044,0.3202667560016259
2023-01-22,86.3417472439374,1.1140203195200302,3101.3055975263746,-0.6251042368376913
2023-01-23,85.89916494711757,1.107691958675513,3100.462932369885,0.4888194721834287
2023-01-24,87.90802402451244,1.1084653457388416,3198.30606513606,0.7574918797733383
2023-01-25,88.92876145922502,1.0973806530116026,3232.778333784143,0.04702655562137514
2023-01-26,90.34256067361906,1.101402596042277,3183.099340989743,0.8400021457493758
2023-01-27,89.2375741493007,1.1021864182369163,3238.024523197289,0.151733001448342
2023-01-28,90.45454467064066,1.088307789631702,3299.624763377219,0.14681492648309913
2023-01-29,90.50150839008049,1.0719246513792948,3348.884157427419,0.8304588898413077
2023-01-30,88.19779663156217,1.0674186239783816,3269.1720255504642,-0.932028677194793
2023-01-31,88.60087159498518,1.0645693009890793,3241.056799741296,-0.36445414966506195
2023-02-01,90.17175758044817,1.0716497796591622,3263.959957593652,-0.31643644794847026
2023-02-02,89.68959491896841,1.0961138421546557,3276.8610651444906,0.1648496707677365
2023-02-03,89.18352788274204,1.1153833105517332,3224.8386097515677,-0.4894468387252835
2023-02-04,86.66298426059306,1.1074321831077387,3216.485776381629,-0.035028633981785795
2023-02-05,84.87939329997943,1.108231334575026,3178.2676163796627,0.4871624093944733
2023-02-06,85.48858284661077,1.1017052676118746,3321.1164834948663,-0.7271697988243506
2023-02-07,84.7800311309195,1.1081553922856295,3315.683224653648,0.3078298098236707
2023-02-08,84.91177271811146,1.129186995081847,3282.8332854564997,0.718391409190285
2023-02-09,83.85774439329161,1.119798005094014,3269.641523661884,0.7701673218936671
2023-02-10,84.11848905119044,1.1164733337342723,3200.079787168547,0.6493342069869459
2023-02-11,81.45134888115992,1.120599576405358,3224.2575167144123,0.48339646399665925
2023-02-12,85.25550825454685,1.1157551328234643,3232.3696237454265,-0.29887827913683984
2023-02-13,84.23858000081174,1.1335442160725762,3175.224119868171,-0.5095317768708989
2023-02-14,83.64299561491828,1.128891555243099,3124.932036424212,0.38134276172800363
2023-02-15,81.70234261633658,1.130138740048378,3214.131238927449,0.5418774852493857
2023-02-16,82.2320687691868,1.1324321010847236,3194.375326246679,-0.7764069784581125
2023-02-17,79.2877015843617,1.1134522772328932,3149.388851861284,-0.8130363086564627
2023-02-18,79.1958728426695,1.1165022052235558,3196.8215269454286,0.05864642437022649
2023-02-19,79.6818210102591,1.1158503993696482,3240.6319668239903,-0.7454000691463476
2023-02-20,81.75068414843071,1.1129892779166297,3362.1294902435293,-0.5679690374670519
2023-02-21,80.73098397471148,1.1223338497065742,3283.75481291515,0.6466664356922294
2023-02-22,80.18507483671992,1.1056964980248973,3161.9893120912657,0.4482482713604947
2023-02-23,79.19001156713105,1.0967277193263092,3186.516614909214,0.855259601626045
2023-02-24,80.66893830451733,1.099116684687048,3165.45883706978,-0.6977049689830515
2023-02-25,79.48505056207783,1.1029584560460415,3135.9113388748383,-0.9188696474822988
2023-02-26,77.07658577579726,1.1133690095960829,3114.847525283948,-0.8925016291416792
2023-02-27,78.1936129996086,1.1122617062042393,3208.108924672416,-0.7606808793694688
2023-02-28,78.86476509022319,1.126764959688018,3274.2346448294893,-0.8192992690598828
2023-03-01,80.8688073862183,1.1387349265818405,3278.419778713229,-0.49783314360442543
2023-03-02,82.21880771167667,1.1292633604331037,3294.270119518196,-0.051539474674502594
2023-03-03,81.57358402665476,1.1403373401217702,3284.7870959275124,-0.4681294807437586
2023-03-04,79.33135597702173,1.1484088508472718,3263.974316851726,-0.018157740582427362
2023-03-05,81.36980101560542,1.1369449024567173,3240.046914120988,-0.3529626035260969
2023-03-06,82.44522458977276,1.1445248026788217,3231.341564772336,0.12733851594769074
2023-03-07,80.03127436907263,1.1364745440630066,3146.945423859715,0.15721975079406358
2023-03-08,79.48026709089908,1.1472384110202765,3063.443615377615,0.319228004318189
2023-03-09,77.13975891070315,1.1355514530598407,3197.8998297144985,-0.47487274486157816
2023-03-10,78.2785413540165,1.1388160314379274,3178.4011818939966,0.18082241499339657
2023-03-11,78.19231271207404,1.144029439748499,3213.149948780333,-0.5748282395324427
2023-03-12,78.94905411302975,1.1457510010912673,3219.063297527159,0.7828407209256059
2023-03-13,80.13723934409677,1.1498190503542005,3201.884783097846,0.8386319521349048
2023-03-14,79.0940492969256,1.1552876929204934,3189.80159011254,0.7216792075334453
2023-03-15,78.36191878450094,1.1541647378720121,3273.9474012719993,-0.6814691492215201
2023-03-16,79.44112994739059,1.1513316501286142,3304.5611217072315,-0.2844895676427064
2023-03-17,77.1021850624853,1.1530525882739817,3288.8183386873134,0.779866828663826
2023-03-18,74.6556583208673,1.1572335855796752,3309.6816197383414,0.45278252710650824
2023-03-19,77.77060953751737,1.1556842413119748,3310.586915804034,0.14967795548949292
2023-03-20,76.1419097091149,1.1696412446014852,3438.2871531018745,-0.9197513190383524
2023-03-21,75.65842364833252,1.1576680972909372,3393.5616294378724,-0.5332080016088108
2023-03-22,75.19659842075173,1.1692899630930849,3515.7796608278995,0.18398218447807113
2023-03-23,74.3244005613671,1.1619059364970685,3504.066885079326,-0.5499384460279411
2023-03-24,78.28801210411505,1.1527358534019,3489.1076733161985,0.3213546937059564
2023-03-25,77.93491970400278,1.1496165606142443,3380.5961962345837,-0.012287829198846634
2023-03-26,78.26554411164985,1.1468328137311026,3433.0408243316683,0.541523206073659
2023-03-27,75.35372789000269,1.1447032555839243,3438.0669020998866,0.2498563350226346
2023-03-28,76.74157261431958,1.1540321230247534,3451.1025616604666,-0.30042036403302386
2023-03-29,77.93611330103359,1.143210136776989,3467.6330651455946,0.35561165403601613
2023-03-30,76.52386528177593,1.1480081034182588,3497.3211034742308,0.0655559086936186
2023-03-31,80.79269723450801,1.1298925699298894,3489.5935323459507,0.6330581853485429
2023-04-01,80.58488725855555,1.1345178648025342,3426.2185332576587,-0.5117410678078198
2023-04-02,79.68916431562265,1.1266586428025838,3449.207689349525,0.3182234547780154
2023-04-03,77.3649004232517,1.1066827342208456,3425.283841509862,-0.5494807584781369
2023-04-04,76.12601417643607,1.1055831885411822,3521.1078860718026,-0.7544270698476143
2023-04-05,75.53088249497449,1.1054526988523614,3582.790417074195,0.18183976609706054
2023-04-06,74.49903216826598,1.0973811037976822,3617.61254213657,0.9513619615744779
2023-04-07,75.67026640660087,1.0976921394944927,3674.967045943464,0.4011280822126424
2023-04-08,71.48684279040934,1.0991838691881333,3740.283468471759,-0.47862512996364104
2023-04-09,69.25105960745323,1.114527233334088,3762.877282428385,-0.08120561634224788
2023-04-10,67.49658014709657,1.107409708727299,3738.3731198807964,0.22360414878014034
2023-04-11,65.6373513760652,1.1230743656220261,3774.7959648442275,-0.05569964751315726
2023-04-12,65.27084839457406,1.13792624515145,3815.857959773257,0.13620542509984435
2023-04-13,66.73181875373606,1.1278471524257068,3777.710719525678,0.15123051781243402
2023-04-14,66.66613266165857,1.132113381674451,3721.846315584647,-0.053099399104189704
2023-04-15,67.22810777027021,1.1317194925588456,3674.207565367942,0.5738306303624867
2023-04-16,68.98869624048159,1.1292449046953372,3731.254656160581,0.28469244245247505
2023-04-17,69.05878463047281,1.1223821436696875,3710.712919257783,0.021524641819852475
2023-04-18,66.00529961220857,1.12657704066187,3741.0691559349034,-0.989217068022745
2023-04-19,67.05334923562852,1.1242420279295264,3724.334239538892,0.6148416960576619
2023-04-20,66.27950476062811,1.1146195725093127,3753.3117554712617,0.6319961235518026
2023-04-21,66.06616758220419,1.103796270735466,3798.697260722661,-0.31072631900113645
2023-04-22,65.79274286375555,1.111810877151293,3804.0659672340926,0.773834907208863
2023-04-23,65.63334976603733,1.1176806715100511,3750.6916131206694,-0.9879054721318181
2023-04-24,64.06791746391963,1.110380925103224,3783.4260504651475,0.057533659171774776
2023-04-25,60.89813700941462,1.1279643947924354,3794.0116306662912,-0.1383186845955946
2023-04-26,60.46812930890431,1.136085250745292,3841.0788240927654,0.5551856035947151
2023-04-27,63.290312427163876,1.1487406172210075,3814.2989269925843,-0.9122427919781464
2023-04-28,60.81104026815086,1.1439496258575068,3809.4012397845677,0.5273357434505404
2023-04-29,58.59920711581469,1.14211943660711,3816.8476446677255,0.543153833254713
2023-04-30,59.25447288356132,1.1357497639137182,3823.0660468524984,-0.28152149646966684
2023-05-01,59.490074536181474,1.1412611211655,3826.240828886158,0.8066413603422447
2023-05-02,56.36842482465422,1.1487124594222784,3888.7405166603958,-0.013213514335546295
2023-05-03,56.21112693784101,1.1235019179955794,3933.8846256115266,-0.12980933844663323
2023-05-04,55.53774046495168,1.1254955073287463,3913.4206418361728,0.13971419863088697
2023-05-05,53.233750365219734,1.1251659637559726,3845.4217146753253,0.7955852663117347
2023-05-06,52.22886351964155,1.1274007142121865,3957.057454106289,0.6180270293309493
2023-05-07,52.72317241475055,1.1190087216180242,4003.2155452845723,-0.010179430464007044
2023-05-08,53.7378677114356,1.1164167963759428,3910.8187443514735,-0.5500594176312679
2023-05-09,56.44933682626192,1.105145197784132,3984.9049965637187,-0.5281666502925977
2023-05-10,56.078277926058675,1.099806617967543,3939.4883367524394,0.2927130607889423
2023-05-11,58.753740269556005,1.1112736081846712,3954.761124956156,-0.4883772022837949
2023-05-12,57.21821742541708,1.1125475014666149,3990.5854817805994,-0.3069635561551969
2023-05-13,55.023714762904774,1.113373675142513,4027.92498519033,0.2273053428047198
2023-05-14,56.8822001342203,1.12245127139876,4044.381421136375,0.9191475260761182
2023-05-15,56.12309934622891,1.1271821308353192,3979.9590659214646,0.9114874399378923
2023-05-16,52.52632178903359,1.1188075107336268,3948.8399340706437,0.3971584823748944
2023-05-17,53.94710704419663,1.1148458532622676,3956.6979355196363,0.7195818895165351
2023-05-18,54.35306961291202,1.1057321154467805,3928.97512947513,0.45394441885737113
2023-05-19,53.49389343993244,1.0970075703592457,3916.13658346089,0.24037984777677757
2023-05-20,57.22958964086805,1.1171639744477568,3918.7056735029073,-0.21037590210724066
2023-05-21,55.933970475105696,1.115786303351484,3951.689566162256,-0.9508236117567352
2023-05-22,60.15782156911382,1.1140267972542224,3907.22832232579,0.8500036613958051
2023-05-23,57.93794790911979,1.0996581681277788,3947.0424130932242,-0.23036543318197
2023-05-24,59.84966378335275,1.1068717948255051,3878.5473282225403,-0.7916962616563306
2023-05-25,61.70618459952328,1.1112084875680963,3851.3892519332844,0.0457812363895167
2023-05-26,63.06163785143538,1.1083173046415613,3760.8117708828913,0.14065815722191144
2023-05-27,68.7338535029776,1.1132146508089258,3750.9173769193226,0.21879816313313127
2023-05-28,67.73893757172405,1.1154496100210474,3772.8029935218483,-0.9404618837747354
2023-05-29,66.56593473462877,1.1246440956230292,3690.2007432155833,-0.7894513036887925
2023-05-30,64.28621805942056,1.1249258653474115,3763.4882513587227,0.509727304041852
2023-05-31,64.46444742533002,1.129970840985915,3768.6241251349243,0.5407891209014428
2023-06-01,65.90379181458023,1.1350338732761476,3784.1993505839555,0.2864045033634446
2023-06-02,64.65769247733017,1.1259984086696522,3869.7011642870402,-0.03706222584926677
2023-06-03,66.20462694090531,1.1326497428562594,3898.3855315739734,-0.6745708131845856
2023-06-04,65.90923722720272,1.1232753929714654,3902.649521747085,-0.8295336566702616
2023-06-05,61.98516542648511,1.106713131519316,3904.65934868456,0.30860102870413497
2023-06-06,61.91016604395429,1.1154595797763216,3861.7636316730163,-0.05944616664294333
2023-06-07,61.00424975599182,1.1126040220721067,3893.3749360142224,0.5456041415523356
2023-06-08,61.04345330919576,1.1264044678929892,3875.005705234081,-0.5634154467244619
2023-06-09,61.826400593760496,1.1405694673671576,3948.727913641695,0.6190501894618701
2023-06-10,60.20360678668371,1.1481975244269147,3979.4475881151593,-0.9177352429461814
2023-06-11,62.781878945064726,1.1425645745865738,4016.2730675583452,0.3713181834767503
2023-06-12,63.582661199543864,1.1381763914008955,4015.358653895365,-0.06032984181774648
2023-06-13,64.76701391900434,1.146914460254381,4028.614906807914,-0.1724866775213929
2023-06-14,64.13249975056884,1.1521750731483977,3955.8893105825296,0.7338280186953103
2023-06-15,63.83113565411061,1.160069925493069,3932.9642323418993,-0.2047526929657011
2023-06-16,61.33606765780804,1.1584774348236908,3848.6594861503777,-0.0746310254925171
2023-06-17,60.84706440420335,1.1603156224341262,3829.2902779678197,0.27022242188845236
2023-06-18,60.204993630586685,1.1434741392549217,3840.537704165992,-0.2975930096436683
2023-06-19,57.80185357368423,1.1482763806990721,3810.6408979362404,-0.7740762167794046
2023-06-20,58.626793143389584,1.152243601655184,3888.735781534399,0.14422937714023565
2023-06-21,56.69492615284602,1.1455442591165808,3952.421851487984,0.17881525648522723
2023-06-22,55.552597660254996,1.1295859191976798,3965.2676377247262,0.7819812589941373
2023-06-23,53.37646743107681,1.1343705886898658,3859.3018043614184,0.3458066055037441
2023-06-24,55.39090673583706,1.1444046577860258,3929.3055250286443,-0.29074580280261864
2023-06-25,53.7659682518661,1.1282950399328366,3819.139888186438,0.010753385808087046
2023-06-26,53.23384756990508,1.1368047911368309,3818.2201376078274,0.9145243084596153
2023-06-27,54.546050849336325,1.1380970532971706,3790.1647140357773,-0.5985390894728679
2023-06-28,56.56558606849863,1.1421499184803607,3682.759702812384,0.5491582122415568
2023-06-29,56.07823045771002,1.1423644156122603,3842.0291956674405,0.2273161803598296
2023-06-30,60.261387751653615,1.1467376214045737,3816.510800315471,-0.2453623358099013
2023-07-01,61.12991161627828,1.1350787693091722,3850.205229460075,0.14365654285995166
2023-07-02,60.30264891808774,1.126787553546325,3813.2303713990045,-0.5194858305597299
2023-07-03,60.75390529838413,1.1274122786747303,3874.0706247693474,-0.06377092920997707
2023-07-04,58.51617238557974,1.135702023046381,3873.590990496666,-0.4947936882099022
2023-07-05,57.90262599657273,1.1298669414956,3883.5292604767606,0.6002849137479815
2023-07-06,60.677503667762366,1.1377785032908332,3907.5026909620997,-0.6486297383075008
2023-07-07,63.623017696879245,1.136479341959369,3899.396533746455,0.6132983568886565
2023-07-08,64.3909668663822,1.1450557235891736,3944.788568963628,0.9199023727766757
2023-07-09,68.00147195698631,1.1444282105259886,3992.898445142663,-0.36710153270158696
2023-07-10,70.9525801974514,1.1481418778094143,3919.6989493003634,-0.19779381295354592
2023-07-11,70.76618180451764,1.1537953347303596,3873.089390904255,0.004639326394333176
2023-07-12,70.21686968032004,1.1749908020271507,3886.8543193614782,0.30684016777665124
2023-07-13,74.35377812212619,1.1803843492886852,3887.3206942733177,0.6856686830296319
2023-07-14,71.39494332883882,1.1771490036307934,3874.000654575169,-0.9511508961972654
2023-07-15,72.5830683010224,1.1540364949242852,3821.5590471901214,-0.13877575380385432
2023-07-16,77.20400998257222,1.1472239816536882,3951.3531015266603,-0.0739642643903573
2023-07-17,78.46579849711975,1.1521667488117457,3972.442798455114,0.9435882176254886
2023-07-18,75.62684791238614,1.1818837695789015,3840.635412626772,0.6963558597003947
2023-07-19,76.79297781129046,1.159120998206498,3757.947468941423,0.6688590126429166
2023-07-20,76.12345635076643,1.155941832675742,3779.408806286088,0.8876673273517572
2023-07-21,75.9890029647688,1.1803486035936563,3748.7832849478136,0.79899198958016
2023-07-22,77.57331726196543,1.1768249816860743,3764.3295752057406,-0.1730341821820225
2023-07-23,77.7029489150869,1.1798823837613648,3678.904258056008,0.884702399797801
2023-07-24,78.47047355996578,1.1768561384932608,3649.8770040518484,-0.7969633540406933
2023-07-25,74.65610034808911,1.1781354739969756,3694.886686697897,0.6933364361003114
2023-07-26,74.09358758988637,1.165492175229676,3703.4679336216545,-0.7787986853178932
2023-07-27,69.38253390153949,1.1629374018073901,3779.7520506684123,-0.05945359240408288
2023-07-28,68.94997920111882,1.1323381711637899,3780.5074661384306,-0.27864456089384526
2023-07-29,68.8046703896678,1.1243306654627248,3754.5892915565155,0.7031050282811502
2023-07-30,72.23351017536558,1.1247446319650163,3688.9696208503574,0.08466648599298887
2023-07-31,70.48152613725583,1.1189834011662645,3690.250076899044,-0.8693718841398403
2023-08-01,70.13511665036606,1.115159256077735,3592.1533173658854,-0.3014412173461145
2023-08-02,70.52088483856282,1.1121741317644946,3523.5935469409874,-0.02790548288657635
2023-08-03,72.10483915409283,1.1176785895631474,3530.60017235128,-0.605706789662491
2023-08-04,71.78480590935338,1.1261297191846247,3451.865212901202,-0.5783605798423308
2023-08-05,74.85309366440613,1.1293545758369319,3467.10721771479,-0.4668847908900975
2023-08-06,74.19568591576294,1.1351955043198407,3467.629617614764,0.9215520513580069
2023-08-07,76.21968295076118,1.125557685821202,3515.1724033354662,-0.4272399366827968
2023-08-08,80.6829678723309,1.1301543634618492,3464.2686670549947,0.8375559241876938
2023-08-09,82.6747757388894,1.13429979302121,3425.1106500608844,-0.215487629076611
2023-08-10,83.13473751790906,1.1496729536785217,3438.4286633047295,-0.24635972050057187
2023-08-11,85.8717833423054,1.1471361645999447,3415.514121451516,-0.852012609557133
2023-08-12,87.2839340282566,1.1327765384447221,3444.7145102814625,0.941127970582474
2023-08-13,89.8675709732083,1.1179631067488143,3366.4548724875767,-0.21109733548178644
2023-08-14,88.87403641790188,1.1262019664332177,3417.5441675184165,-0.22194779146269705
2023-08-15,88.17242720039883,1.1487250008011733,3403.5294351269963,0.8615439581350948
2023-08-16,88.08195684337991,1.1552854640686998,3398.3989774361257,0.4518457833306815
2023-08-17,87.11982981068671,1.1446682353657043,3406.3354638678675,-0.5592468777593709
2023-08-18,87.61328141513741,1.1476716188817244,3327.565409026476,0.5301731976459736
2023-08-19,87.7735778032974,1.1616512764613969,3282.7047719582456,-0.08670786877413339
2023-08-20,90.10719676878078,1.146971439845395,3250.2716563363388,-0.3791735061852446
2023-08-21,93.09164634969282,1.1697644112153236,3248.715616392189,0.28859667750442464
2023-08-22,90.74423421071651,1.1677496532184355,3221.246459064071,0.8757828440125806
2023-08-23,90.84039855271905,1.154849633562249,3198.8897194617493,-0.625717703217298
2023-08-24,86.18463921809742,1.1607708134420096,3260.4026020456195,0.9328075214436151
2023-08-25,87.6235941576578,1.1632401911575883,3284.9197274298317,-0.08043404945489896
2023-08-26,87.1469594792992,1.1715971724980951,3273.510423000698,0.13917334309221574
2023-08-27,86.90417113382037,1.168138994477115,3248.229123294102,-0.753887330734478
2023-08-28,87.31366865911231,1.1608384469632844,3327.513067938514,0.7423060546696403
2023-08-29,91.35069727257321,1.1439412959211488,3397.9761108522057,-0.30880841603646614
2023-08-30,90.90145901304338,1.1303815142824867,3426.71577968173,0.38685610330503906
2023-08-31,93.0944367523833,1.1237377039515808,3454.3344765199604,-0.7858814108158239
2023-09-01,97.02647862240624,1.1286709157695651,3457.5696603164815,-0.7807196648133783
2023-09-02,99.57518085167794,1.1305186935428666,3399.2258058070165,0.6503222842621752
2023-09-03,99.49373888894138,1.1074254581233338,3391.167234833686,0.6445754636001633
2023-09-04,99.34302896657667,1.0916562297814154,3437.9540962505275,0.48977903646222765
2023-09-05,102.28655352458173,1.1005838462351716,3369.897172978557,0.4342055706281589
2023-09-06,103.3243929110688,1.1087024249050879,3394.4505130966977,-0.13151926545444081
2023-09-07,102.95928111061704,1.1146294657438143,3280.8051087679805,-0.328577831598696
2023-09-08,102.71471643142802,1.1140260071493835,3262.7874087893883,-0.5385873698467936
2023-09-09,102.59486845003958,1.109362382867925,3226.437861718401,0.2716573901715347
2023-09-10,102.96766026061138,1.1024441490877104,3263.7286318731567,0.6412820464947802
2023-09-11,102.07890866887077,1.087781465231288,3246.558518180983,0.9038429016129697
2023-09-12,99.76461491797374,1.0714247917944963,3245.1915629367604,0.023098117416405106
2023-09-13,99.65714435797327,1.0681701816655749,3267.9366266892407,-0.2796526727283277
2023-09-14,100.14612413815642,1.064416188074117,3340.2952760550534,-0.02052779320806808
2023-09-15,100.81029558298303,1.0603333499152763,3340.772255951022,-0.5320587550601692
2023-09-16,101.79064487900935,1.0585427257711244,3310.483905340629,-0.8126659412334392
2023-09-17,100.1715680883078,1.0548812266045104,3312.071055826228,-0.05064783964469033
2023-09-18,101.9234022337247,1.0606959482508977,3217.6816928190206,-0.8782519105235838
2023-09-19,104.49968028561888,1.0746556521906558,3232.767738653763,0.5629215161280858
2023-09-20,106.19369513281669,1.0690182212635075,3332.0927283183623,-0.9663213931072832
2023-09-21,106.25071633391858,1.0799875091389428,3288.7066629305077,0.7896247759727433
2023-09-22,107.0219980713314,1.1012351171889272,3276.764848775892,0.5317665165683321
2023-09-23,107.21824284135832,1.0961058289377477,3269.8864974038843,0.3337898446050256
2023-09-24,109.17562721999792,1.1043827188502864,3257.0953138007967,-0.15375923189013663
2023-09-25,106.8405480107608,1.1040815571003673,3279.8328972372187,-0.04197590506530169
2023-09-26,108.98331061517978,1.1104119598445652,3271.7235319843126,-0.39625106175172853
2023-09-27,108.62324910995427,1.1236013746951812,3266.4078017015463,-0.6342483445228102
2023-09-28,107.90843948967523,1.12881223519187,3237.477671703637,0.4970706498570854
2023-09-29,108.13711695830878,1.1190942429499378,3261.2001275938137,-0.33794292345866905
2023-09-30,109.25676298516112,1.111827853318081,3276.991014108393,-0.8670201001577869
2023-10-01,110.08183047993572,1.113457524493142,3265.853384361588,0.9837996004519738
2023-10-02,113.06773991566516,1.104086100974993,3324.1018259770117,0.6154982771963329
2023-10-03,110.94724249234561,1.1062488483083939,3310.8339598751622,-0.15718702510713678
2023-10-04,110.60181526959755,1.1075251463841855,3314.729997384412,0.7131407180173428
2023-10-05,110.55114866147727,1.1187400922223976,3380.3798760680525,-0.41895365192874556
2023-10-06,113.06840761778412,1.114797483012662,3311.3688948865215,0.1448749006424419
2023-10-07,115.79557089344644,1.1046039942492303,3325.2573425527667,0.8028671282083271
2023-10-08,118.77348670164737,1.0903205394873068,3370.5025961399006,-0.07546246869830919
2023-10-09,120.52764923078028,1.0942682030187199,3346.5321858390657,-0.7853949860238141
2023-10-10,121.23826325914592,1.0972648770756888,3405.351876237808,0.911301473639256
2023-10-11,119.6906520784097,1.0863748997845675,3439.1793854942234,0.016090587678168733
2023-10-12,117.58049465198565,1.0888637705935147,3447.4803055530215,-0.44158324926352055
2023-10-13,115.91420472174798,1.0875760065122686,3423.9174654297867,0.333953836693057
2023-10-14,112.55095710663072,1.10921152057807,3423.797147116364,0.8022187690209996
2023-10-15,112.54961099607956,1.1140871236547345,3398.8266419855067,0.49297494053666835
2023-10-16,112.20621915298298,1.1139782165140666,3439.0136473046455,-0.5837888402216493
2023-10-17,111.88175162281098,1.132226724351712,3519.948433374657,-0.956850464919343
2023-10-18,113.95255534131408,1.1335836994709438,3565.1355256857178,-0.004346574999695818
2023-10-19,113.13512138331163,1.1427147756094609,3551.7810517867924,0.3673300364883523
2023-10-20,114.80734201055597,1.1467600385468613,3618.186677839085,-0.008693929660609001
2023-10-21,119.02295531787888,1.1434067603902702,3597.013282287702,-0.49054350368964394
2023-10-22,119.80928190583865,1.138730063818632,3684.566011643332,0.8720409737794406
2023-10-23,119.0264800011691,1.1592703329260448,3675.586885133073,-0.8788167085570553
2023-10-24,118.06389176307663,1.172827772354636,3576.265659090068,0.23061773031414856
2023-10-25,119.59773333074635,1.1672077110371046,3621.4456120500718,0.18645021602694634
2023-10-26,119.5842008888217,1.163775140723683,3572.335777161137,0.09255197883665156
2023-10-27,119.02799593410242,1.1643626084513197,3620.866510200945,-0.8006835933218686
2023-10-28,119.27923470664703,1.1599117767677711,3685.046964668415,0.40911532128686967
2023-10-29,116.73437286000836,1.1580528645521866,3686.4386708508305,-0.9017869218924994
2023-10-30,117.47501577238,1.1671570615290465,3717.351141959749,-0.7111066742859797
2023-10-31,115.25151153679795,1.1771365877572313,3686.972751582733,-0.7362915510071237
2023-11-01,112.05617905140579,1.1932482722964393,3718.903982249723,-0.6609382905542043
2023-11-02,112.3973827595795,1.1922606555342723,3740.793032912079,0.9083818979349312
2023-11-03,112.24660730985485,1.1995285062070962,3825.2061263891514,-0.2802602510590071
2023-11-04,112.04882031249707,1.205863661742421,3763.4416648323595,0.3077155136344516
2023-11-05,112.7878636561172,1.2078369962661066,3758.0765918842135,-0.640384246875946
2023-11-06,116.13327545266874,1.1948619204291846,3764.938982827884,-0.9295220745510027
2023-11-07,117.07592191133833,1.1957348443390499,3680.965887649865,-0.45848591838348285
2023-11-08,117.48824425314191,1.1940377136308309,3672.251351309116,-0.48525795471031485
2023-11-09,121.42046074333908,1.1987526104690112,3638.9933210975546,-0.5229297725426314
2023-11-10,124.89222167094468,1.2083880294800289,3630.2657763668335,0.4489993131627137
2023-11-11,122.58842463847805,1.2192984722662377,3632.7721607315643,-0.8795220081881872
2023-11-12,122.10939522708935,1.2283522624091785,3639.99818599693,-0.2262067192305024
2023-11-13,124.2761377115926,1.2334411115276656,3591.6318613421126,-0.3743516578627628
2023-11-14,124.91636781640636,1.2530045162442305,3636.377800907953,0.45797462411861467
2023-11-15,126.08353669232667,1.2620940045218414,3723.9368971704025,-0.6119847522722752
2023-11-16,125.8956303273061,1.2573751896182284,3686.2976371976238,0.7351051639408805
2023-11-17,125.41989104628031,1.2504537431865614,3634.473714682762,0.41495180307641943
2023-11-18,124.15906446688183,1.2523031634590394,3689.9881953157524,0.18756524363296423
2023-11-19,122.52179045033894,1.253324154315601,3738.466469592173,-0.978894186946426
2023-11-20,122.16901110923692,1.2679734645037932,3745.037960988854,0.021860099741495054
2023-11-21,119.2810468962216,1.2730155154098144,3820.606137893621,-0.013579989298993178
2023-11-22,120.66120545900303,1.2748012835692368,3848.492500478797,0.43407784882937195
2023-11-23,121.5359773983942,1.2854701586236463,3853.567926060555,-0.9384933249714227
2023-11-24,122.35426023072971,1.2810030990182824,3836.6853963571048,0.014918031134202314
2023-11-25,125.49285131840347,1.287002820079009,3775.6598603812727,-0.8827227729117706
2023-11-26,123.84424532787409,1.305121985794041,3748.738000889009,0.2931834062289802
2023-11-27,121.3510292831333,1.3162284922365135,3767.056929677862,-0.8438538081006968
2023-11-28,119.25560198808735,1.3286495885099587,3798.5138370906934,-0.7519391558583941
2023-11-29,122.01176829389705,1.3403154502992416,3955.781077233708,0.9839982558433817
2023-11-30,120.88235370504972,1.3384392523757804,3847.639727170429,0.8669539751059925
2023-12-01,122.53186335591681,1.3454897178784393,3769.304644958538,0.6217606231395545
2023-12-02,121.02106641732715,1.3350776632697094,3746.3922068354173,0.45510431192341394
2023-12-03,119.219818187118,1.3348710929748344,3768.653165418794,-0.707919642612608
2023-12-04,116.85791214296421,1.3299923442853372,3771.6182345515263,-0.2884240467394854
2023-12-05,117.84612066908792,1.330602698844117,3760.1871596221777,-0.8861191372933361
2023-12-06,116.10472997397062,1.3447892309184657,3778.9338872274666,-0.01587383384931318
2023-12-07,111.3895335367579,1.3467154054644785,3811.9782491965366,0.8693327150196237
2023-12-08,112.82300336483968,1.3470951358391443,3745.726380164687,0.7859497564626885
2023-12-09,113.50632703984832,1.355714167333855,3657.9545550495154,0.08273538712506956
2023-12-10,112.47791777385265,1.3486205455826992,3638.267363772097,0.9329139460626288
2023-12-11,114.63991787830946,1.3577143948574144,3677.6286638178362,-0.8951240618957401
2023-12-12,113.24765100316178,1.3717084103222357,3636.2414456143006,-0.49106866675872474
2023-12-13,112.09503314749858,1.3890202073086555,3688.593330545,-0.13794347415170982
2023-12-14,116.88118693964103,1.3987925105851309,3690.0572703578973,-0.9032895335808013
2023-12-15,115.77372825281103,1.4036983252460473,3587.352467410623,0.7364927317623071
2023-12-16,116.32178587394556,1.4109974643707286,3559.292208098294,-0.6973286021957072
2023-12-17,117.81476262222276,1.417423725274296,3662.1913292538648,0.5489367903336788
2023-12-18,118.37553734134828,1.420242809325467,3708.899759469887,0.17214513567119827
2023-12-19,117.19534821088162,1.4270912912816185,3659.264488369635,-0.2544816134586465
2023-12-20,117.34473407632836,1.4460830407293042,3638.6741485950397,0.7322023068212882
2023-12-21,118.29791316268069,1.4293184561341532,3628.5039993845185,-0.8195704637702563
2023-12-22,119.51256297259384,1.4301088116642109,3609.4390286549524,0.9218152490989671
2023-12-23,116.6928771437455,1.436455778399488,3583.2875199850387,-0.2632830593026123
2023-12-24,117.02413422348269,1.4567016330477496,3594.682802353441,-0.7037924966377651
2023-12-25,116.50504201225036,1.4478790990457497,3552.127305903118,0.9794961109149631
2023-12-26,117.88715884341367,1.472293837980653,3595.502444918822,0.12126071020885343
2023-12-27,118.64573040833955,1.492129532316277,3579.2911457882205,-0.15823735750907164
2023-12-28,121.74683241551149,1.4917491549375816,3587.824687891145,0.40351838634736237
2023-12-29,120.056977992523,1.4762919506885337,3516.741818162447,-0.15981427127108994
2023-12-30,118.36856076805294,1.4810296251055521,3497.7109969946005,-0.11173192599544013
2023-12-31,117.50852797022335,1.4922210746356206,3500.643466241858,0.145739341247638
2024-01-01,116.86237164435505,1.482117367009855,3502.6136098592406,0.012116441308283044
2024-01-02,112.23712969504204,1.4790314850620478,3478.4236092728015,-0.7932304364738325
2024-01-03,111.65854675285019,1.4848739854374107,3448.383078415674,-0.877564481662245
2024-01-04,116.3874529477116,1.489314743402309,3538.1411248232107,0.13680822891544087
2024-01-05,115.84017438960383,1.485487171401704,3554.6854180274267,-0.09567067323676892
2024-01-06,113.7104986481819,1.4674501248316507,3595.73236170898,-0.053355707484170845
2024-01-07,114.18708977753488,1.4652339014423696,3532.5136661237048,-0.7760507604293132
2024-01-08,115.22241092931094,1.4577378598263864,3513.0480803098053,0.3831429445331831
2024-01-09,111.49903387155771,1.4676177568527158,3464.0421843321033,-0.5064449178476196
2024-01-10,111.47009731833387,1.4627892309254955,3502.0977871433806,0.8576889003603629
2024-01-11,111.17833412624844,1.4652366070846443,3461.7083431356323,0.671345661900703
2024-01-12,110.73884727210458,1.4711609896754547,3466.139178176188,-0.14673085603721492
2024-01-13,111.381950583209,1.4709162925952708,3441.6642077661945,-0.46430632435363406
2024-01-14,108.92208534518218,1.4726055888685936,3355.9511367354903,-0.48986835879989976
2024-01-15,108.67199770755039,1.4562643726063764,3416.5329816773096,0.3343736440951135
2024-01-16,109.65853851543406,1.446115739834861,3453.603080056684,0.31914087538877656
2024-01-17,110.44638285967392,1.4790144952322963,3441.292709049304,0.30365774877996343
2024-01-18,110.30143848448856,1.4672145736563484,3450.1907975203826,0.5752911247247556
2024-01-19,112.24464819368924,1.4814554887021365,3351.9045532792406,0.2835263117947404
2024-01-20,110.58589974499992,1.4882362273522005,3354.055171258646,-0.12983677714435227
2024-01-21,110.71243967556728,1.4749372900008106,3376.325713150144,0.3618829121509599
2024-01-22,110.02483408936973,1.4783004249176614,3312.7812128113123,0.6704127139448701
2024-01-23,110.7016917015485,1.4914572552656091,3229.0113019390037,-0.5621301390182096
2024-01-24,110.1224296550094,1.5017412541632695,3197.0520419772856,0.441916386982389
2024-01-25,109.82096339511943,1.5016124980366015,3274.7490651628905,-0.21441582157539352
2024-01-26,106.17030027501075,1.5037604944021754,3300.9402314342647,0.10889738080775824
2024-01-27,108.39838881780105,1.5023539810537643,3300.8834903894976,-0.9696053517498799
2024-01-28,108.2072031101846,1.4750564212925892,3370.4941825856645,-0.9715001331628197
2024-01-29,107.54563217795439,1.462897804970133,3364.4556136197652,-0.9850462938656832
2024-01-30,108.50494125375755,1.4648081497600285,3306.34768099858,0.3424210576140734
2024-01-31,106.92063617694808,1.4515524059849192,3274.7542650642577,0.17542906608032593
2024-02-01,111.17822524032793,1.4530263178670868,3261.8251794059624,0.7171167596758123
2024-02-02,109.84679012591447,1.4672356145988286,3301.74779633054,0.44440685432379246
2024-02-03,109.35192609899643,1.4612904594896698,3295.718350578485,-0.06059234155738458
2024-02-04,108.8994015885491,1.46320973929865,3288.46187371043,-0.12195339537717809
2024-02-05,107.3870844933771,1.461504708732197,3252.3818695324785,0.782492336812511
2024-02-06,107.76754319993756,1.4649378573655165,3176.7713680192646,-0.4345014322085543
2024-02-07,111.3248171968842,1.4563255041544583,3160.472111252575,-0.571607907939256
2024-02-08,107.37672962065376,1.4434279404605739,3182.7467230652687,-0.30316695583718123
2024-02-09,102.1582080840353,1.4258768720291117,3185.359349759272,-0.8069836913407649
2024-02-10,102.78665473646765,1.4325567928683252,3163.6105809661935,0.22877320642690258
2024-02-11,103.85122685105611,1.4170682940892454,3130.7946008991007,0.30116496177991237
2024-02-12,104.25557205863635,1.4055532320376392,3080.788601843388,-0.5929370630326705
2024-02-13,102.14976974950173,1.4024765561274168,3071.3235876670938,0.47380929865052757
2024-02-14,99.86309145853154,1.4194518924530004,3060.63152994151,0.14840346508855462
2024-02-15,101.9521596267867,1.3943600288540428,3015.603030441907,0.9068571624774888
2024-02-16,101.47427251108392,1.4040407461989823,2986.17450819592,-0.7478238545703688
2024-02-17,102.59826509514346,1.401108592999282,3015.448173388558,-0.43457575963932915
2024-02-18,98.55030889438055,1.3929397106352204,3081.994147940985,-0.7790135224487313
2024-02-19,99.23947822416923,1.403666414239509,3139.7968090867457,-0.3109183125835622
2024-02-20,96.9363774764783,1.4186245920907843,3207.92934657226,0.7515474897001695
2024-02-21,95.89415143539573,1.3952150503070202,3285.4671736030614,0.18338455549847898
2024-02-22,98.00016559305745,1.3906438220353272,3282.6979325749226,0.6177897075989391
2024-02-23,98.19804580963334,1.3927357729434444,3230.7926907949777,-0.8895158579914015
2024-02-24,96.91630382725,1.3952867100376425,3248.4989808541864,-0.49501170650528414
2024-02-25,97.32451328863401,1.3864673502165854,3351.319090827386,0.4511067036198235
2024-02-26,95.95896771378837,1.3921101852225068,3320.962135455238,0.08740134405844424
2024-02-27,95.1791651561629,1.4229057463642547,3293.5987981428852,0.41186986273184134
2024-02-28,97.04938027258294,1.4296539715104584,3218.404266900313,-0.31538479643876327
2024-02-29,96.81550665895442,1.4264215435341963,3189.187580759694,0.26870566403832874
2024-03-01,94.90938569067693,1.4257489177367626,3120.0163614688413,0.45511703641883683
2024-03-02,95.45595579137326,1.4253599200084386,3080.1238057395094,0.04066599207255739
2024-03-03,95.84438604025011,1.4324805830613214,3082.034507200337,-0.5941038207036129
2024-03-04,93.5652284231366,1.4307499821420484,3084.6330742441396,-0.6131826835442868
2024-03-05,92.65871135450834,1.4267047194586497,2991.8255856965097,-0.5722380392868227
2024-03-06,94.14546915442,1.4309848334809714,3070.7858711221807,0.9662351341761735
2024-03-07,95.26716101345309,1.4405520469926665,3036.5734048346626,0.0780566990361331
2024-03-08,95.68648917479821,1.4363857281019754,2999.9072171375433,-0.7156900816565912
2024-03-09,95.4283198227415,1.439658862465798,2923.9127194410567,0.10287034182751609
2024-03-10,91.27045001877556,1.4415118174901507,2956.075653646117,-0.043358422652857165
2024-03-11,91.55116119905604,1.432278032379796,2884.293024266849,-0.765575336873316
2024-03-12,90.34102338222692,1.4268401859257642,2875.654871796592,-0.07150070914868745
2024-03-13,90.28459825291739,1.420940553080345,2925.0214053896007,0.2183282783717908
2024-03-14,88.01901378685587,1.4293170489810891,2866.7972396405694,0.20645416441783215
2024-03-15,84.75651067805671,1.4314545058097081,2907.550631563606,-0.7400724990473511
2024-03-16,84.40022770211166,1.4365763696290306,2956.9385022536835,-0.30068295097367903
2024-03-17,82.54364349192707,1.4438274652794783,2947.6677968897516,0.8907105436240033
2024-03-18,83.75603424115224,1.4481571799788668,2856.003201701601,-0.014889982131536694
2024-03-19,89.38956545101091,1.436549209757815,2838.5127120589314,0.12438336791218196
2024-03-20,87.94929120588385,1.408556369756452,2812.52251128431,-0.8825236407043726
2024-03-21,88.54149410974816,1.4171580876052412,2864.3823324041787,0.5431322873877946
2024-03-22,87.22866006234,1.4201399028881438,2941.40321937201,-0.5698490385196908
2024-03-23,85.4577439582958,1.4358013263141753,2977.5952823382186,-0.6492447828914116
2024-03-24,86.10895758391834,1.431983376252411,2980.028736316724,0.2178694781758046
2024-03-25,86.1576626426164,1.4601144001826243,2946.3188756086784,0.9314727023316167
2024-03-26,85.82371025918921,1.4669953967206488,2818.2096167768896,-0.3517345305836057
2024-03-27,86.58714049443199,1.461832177416907,2832.3586850577685,0.0345343441024768
2024-03-28,89.48850139116992,1.4614451957268573,2863.809948866301,-0.8011543542162562
2024-03-29,91.25223920238564,1.4601191327253562,2851.6728963905703,-0.8823790362937451
2024-03-30,92.69453855948922,1.456051949367163,2866.2685771483516,-0.4545744212949132
2024-03-31,90.74316160791115,1.471169808741454,2929.4598233080746,0.12368684755750214
2024-04-01,88.2417570627848,1.4487109467273718,2898.015935600004,0.5818176246572957
2024-04-02,83.74981489934733,1.4587550645991274,2918.5946018866675,-0.08373303459665582
2024-04-03,82.98947106788593,1.4558253966691477,2769.8686564203317,-0.939422840698211
2024-04-04,82.39324812983735,1.455391265267619,2762.082413170408,0.7724168485445639
2024-04-05,82.83703835501676,1.4575248717506637,2725.2114876389924,0.19244409644428662
2024-04-06,82.18823294410129,1.463478156440857,2774.4308571649344,-0.9266759441027286
2024-04-07,79.28533602073348,1.4533065594695163,2576.56318184278,-0.4581933340947626
2024-04-08,79.21024350978927,1.45763783729879,2575.0066161724853,-0.9716639403124658
2024-04-09,79.32035424309545,1.4704089108664824,2510.715200339267,-0.6639557253900585
2024-04-10,84.67652307869508,1.4649287471816932,2486.201980404262,0.08381805844741774
2024-04-11,81.49886813146485,1.4501152506494648,2457.739429229754,-0.5279607871593728
2024-04-12,81.20631325486752,1.4643210525847266,2456.7344278320597,-0.6914915168208084
2024-04-13,78.8575346726053,1.472990318878759,2476.3051910352733,-0.3100439925032743
2024-04-14,78.45761087370853,1.480126817180086,2435.6035375494703,-0.11102131798022885
2024-04-15,82.27037581122829,1.4823796960145255,2471.119552996006,0.03379734807920087
2024-04-16,81.3575551302692,1.4689279417694467,2419.0480206190073,0.6730471438240488
2024-04-17,82.64745206306648,1.4831940463200988,2429.411421286091,0.4877290028574264
2024-04-18,81.49515196946666,1.4687889236071021,2420.2230469166634,-0.6202633185238733
2024-04-19,82.2701226414204,1.4617917007428152,2353.499216864053,-0.45201419822035493
2024-04-20,83.74529631689717,1.456199577873719,2258.8156940445965,0.27547299156347593
2024-04-21,85.129120596605,1.4518700608959179,2288.407894964924,-0.01547627603452284
2024-04-22,84.75762223231962,1.43564969693995,2235.3649180774673,0.5145335406477312
2024-04-23,80.99103672284167,1.4411326525505224,2299.98550195922,-0.783845823639225
2024-04-24,80.24252884578624,1.4498615348446213,2331.1413215023313,0.5086748326840105
2024-04-25,83.85097023591325,1.4378060589333732,2361.084748457105,-0.6715571773640414
2024-04-26,84.29119006937276,1.4286231151912423,2476.7118591725966,0.4059245718814566
2024-04-27,84.02841044629069,1.4258778850271727,2516.8690387264282,0.34234913706371395
2024-04-28,79.66486426424588,1.4292552149973914,2500.5831785750206,-0.30510874501234975
2024-04-29,77.74601209014469,1.425462486646933,2541.5927568440247,-0.7078786056762281
2024-04-30,77.44502959062983,1.4390094830152647,2546.3985639947855,0.9163655096563275
2024-05-01,75.93750335207481,1.4265012438737377,2611.6392743031142,-0.22947371050204546
2024-05-02,72.61875465505365,1.421996083382304,2616.7843923072305,-0.7917211021734036
2024-05-03,68.41660942141324,1.4096055654249349,2602.631978826189,-0.17548235849492788
2024-05-04,67.58052003253333,1.4269628485367245,2608.1893840597463,0.26813128089993654
2024-05-05,66.86781590861357,1.4275435608217708,2543.0958132104706,0.9909335834514574
2024-05-06,64.66285027745502,1.421549436555908,2539.555385464583,0.17303031904169353
2024-05-07,60.162036101468246,1.4107366815294167,2531.9985099185055,-0.06275045561406256
2024-05-08,63.60194001485485,1.4212085548212778,2552.8392784797725,0.23634635073788224
2024-05-09,62.270623428096,1.425363543026459,2490.569680463566,0.40078204433395737
2024-05-10,61.21786091816428,1.4209351768276077,2534.2821749864224,-0.008731084285271251
2024-05-11,59.764188985552835,1.441754954529041,2539.2482446608756,-0.2823849706406205
2024-05-12,60.146944242962206,1.4266254505433875,2650.3468892225455,0.3799211707226662
2024-05-13,58.916828991423976,1.433473920898728,2644.8519887813377,-0.0248167886083297
2024-05-14,58.61846203901858,1.424238971840627,2679.1724928353365,-0.818171226631141
2024-05-15,56.27504658015047,1.445020703855585,2600.483417142388,-0.8387222799385703
2024-05-16,56.32277846986603,1.443373775356863,2691.929025145235,-0.16159147888128955
2024-05-17,56.51474578230082,1.462670727916803,2717.1605407389648,-0.3484825157207465
2024-05-18,56.86741253660951,1.4756244733581287,2712.3321030754,0.02162813366997174
2024-05-19,54.4217538916223,1.471620759934902,2695.9193135451073,0.9652706038153216
2024-05-20,53.76280163618655,1.478541875163739,2652.4431893671454,0.08275338136747457
2024-05-21,53.29906814876699,1.4816165624431485,2619.5112151665703,0.2985307972482709
2024-05-22,52.156750862228634,1.489357280872889,2613.9267606711205,-0.32118033522741873
2024-05-23,52.5323141796084,1.4965523570999295,2622.050785431993,0.507907977355327
2024-05-24,51.33668902126881,1.5272967480165236,2532.5870861285857,-0.9356855682812404
2024-05-25,51.21140055103256,1.50900062640136,2515.892532572663,-0.6079485489907837
2024-05-26,53.83065747241426,1.505376036275957,2485.250844168613,0.836813526599699
2024-05-27,55.277223084677104,1.5051310089019074,2497.272780712034,0.38348304612982487
2024-05-28,54.44952043579911,1.4973098500030462,2567.701867867339,-0.05137910782640431
2024-05-29,52.46939628857031,1.4984117838713802,2686.0343863234516,-0.5457528107431664
2024-05-30,55.6619592958959,1.505304277872252,2680.1257097398234,0.33126504013667435
2024-05-31,57.30132265288862,1.5032433091325765,2746.246384045586,0.5214032124397876
2024-06-01,58.0517000350215,1.511400448683199,2750.8419974389717,0.7471082159386422
2024-06-02,58.02897934675211,1.515076355312186,2747.285882682369,-0.7840760569215877
2024-06-03,59.27258710031164,1.5131434103980745,2667.5865346458613,0.007697122616812324
2024-06-04,57.81483820115356,1.5063696446153858,2652.16469226164,0.037520387512409936
2024-06-05,55.15240489576569,1.494465263976919,2719.111685056951,0.5991711452266553
2024-06-06,58.92671473895531,1.4924043799904423,2691.413646456426,0.2727701066410344
2024-06-07,55.994753602318994,1.5122199102840468,2696.852112983509,-0.05557765560897887
2024-06-08,54.41425167221621,1.5177095051676948,2759.866063687808,0.9296082246556496
2024-06-09,54.637376589747696,1.5095430042013203,2834.5836391585703,-0.9777636414632214
2024-06-10,54.66497577630455,1.4874462643322577,2871.7084164992043,-0.7166762065024446
2024-06-11,54.55565276286422,1.4986485191575776,2903.6893232180714,-0.7289061502464853
2024-06-12,53.652921382415954,1.496691178083366,2865.2885264132515,-0.397436664808654
2024-06-13,52.38263339090146,1.4954689948666906,2881.152988084169,0.33348547570643094
2024-06-14,52.581237808816425,1.4940217720127982,2877.9386935772986,0.36357776294794864
2024-06-15,52.590037396096314,1.4850551874514657,2922.549924763671,-0.5292840144503654
2024-06-16,53.06597910977844,1.492425619093664,2960.005122673455,-0.43086455887787656
2024-06-17,51.02188378667378,1.4849632382510447,3025.0882825714207,-0.15984996922441308
2024-06-18,49.765944781217655,1.4934762728847608,2983.985518055534,-0.2728001437171952
2024-06-19,50.34813905416476,1.4873874419895072,2987.6419993777226,-0.7179343548370101
2024-06-20,47.676056501251715,1.4787493575153805,3002.8885091839666,-0.5154511767033989
2024-06-21,49.37087972598006,1.47713383446838,3052.7747837974034,0.01169167930832371
2024-06-22,49.06303650690462,1.4699189480631176,3132.9081307588226,0.6068751412331479
2024-06-23,52.39559200530407,1.4662813042474787,3177.939305205168,-0.2968845616882334
2024-06-24,54.2593466727796,1.4705483993066482,3252.977206932894,0.85606482627933
2024-06-25,56.860553605756124,1.4682188330850539,3279.693928750584,-0.5358214921201829
2024-06-26,60.94994393271439,1.4601489606425557,3318.825373259229,-0.7907284579805016
2024-06-27,61.843800602418966,1.4613605044954912,3370.348534020844,0.23137090825926765
2024-06-28,62.508653120560425,1.4483940371324877,3378.7532982564107,0.13023858410589173
2024-06-29,63.77833687161035,1.4322370551551957,3317.5253890459503,-0.17732801389108532
2024-06-30,66.70603619807757,1.4207048510631548,3268.0117817527516,-0.8889647640749823
2024-07-01,67.4833836298584,1.4052668417800382,3179.03692267951,0.516095961774738
2024-07-02,65.46599275677846,1.3988698149702157,3038.3436577724015,-0.15036037862167717
2024-07-03,63.867746727374374,1.401917083156709,3146.56427542567,-0.18102970589047573
2024-07-04,64.75398165064618,1.387099016420995,3088.9254830540767,0.7454415564897552
2024-07-05,63.35324474902246,1.3811916112735156,3115.9491146326773,-0.5999971602025667
2024-07-06,58.70199394868269,1.3966611977050691,3124.484096100277,0.4397044516481772
2024-07-07,55.97064193585321,1.3810890525830537,3116.7411912944212,-0.2527055894606829
2024-07-08,56.141089088945996,1.374954750850225,3151.215083228611,0.9691768122106297
2024-07-09,56.82620007384129,1.382049190305425,3142.8142336249684,-0.015969131580910956
2024-07-10,57.580153128629526,1.38560212812339,3156.1633395815024,0.17457586490294985
2024-07-11,54.16296072503922,1.3898704706192286,3204.953756663548,-0.24021883114560416
2024-07-12,54.82810691364358,1.3878956113147316,3257.2755844861595,-0.5695713326326639
2024-07-13,53.73912317031896,1.378227137804556,3218.793414462356,-0.9393067931249581
2024-07-14,52.966725010994764,1.381445803287318,3233.1592760937556,0.6702607925030923
2024-07-15,55.606850929688214,1.3863820743312845,3267.3700205088376,-0.4953648236363126
2024-07-16,53.391678667666426,1.4018852818445606,3282.5577305093993,-0.32681840227157255
2024-07-17,50.48088181119037,1.4094533192786194,3283.6846155393164,-0.9483855467511153
2024-07-18,48.19752921653837,1.4024404717374426,3369.9545507550793,0.24580674113294676
2024-07-19,48.20152264562272,1.3775359359032617,3456.6292416898186,-0.7461042227785677
2024-07-20,44.69292644073229,1.3789369293124747,3426.790286703582,0.41429358326721766
2024-07-21,45.62711181996485,1.3955770003604973,3372.409122379297,0.20171047225915406
2024-07-22,49.79828408071636,1.4080917061967422,3386.774943543719,-0.06345670595015762
2024-07-23,48.35422413785213,1.416637424160771,3363.620216147239,0.5851727212656574
2024-07-24,49.51344637883084,1.4222149822826073,3437.3954502166844,0.8529134101901565
2024-07-25,48.62675889213543,1.4191137552969173,3442.2163135130972,-0.06415041202349725
2024-07-26,47.46286267520687,1.4179752811592896,3488.5274443450894,0.9830754489734974
2024-07-27,48.927262928081475,1.4243377201652785,3409.3092575661103,-0.5072847197676142
2024-07-28,48.72571324197798,1.4290203749539645,3364.364372470256,0.8257394256122406
2024-07-29,51.9829564803422,1.422957900867094,3453.5632409209747,-0.34868133518711275
2024-07-30,51.27937800299745,1.4300827293279792,3491.272683433824,-0.6322667558016646
2024-07-31,48.365743966781665,1.4462646766640976,3536.6904954303245,0.39595217153664297
2024-08-01,49.4935353387734,1.448230144555163,3594.8928162521634,-0.3020547039607626
2024-08-02,50.7673444694584,1.4468517306833524,3607.2537140104046,-0.6639831357478758
2024-08-03,47.83942780571044,1.4352918184752332,3543.344462899175,0.5494677780839667
2024-08-04,47.981113766842654,1.439696163829444,3499.567784614039,-0.9064821143945434
2024-08-05,49.006311198556645,1.446542264702178,3455.8042088966254,-0.7417805378594915
2024-08-06,51.52137115723069,1.4448396058195039,3495.433429881059,-0.8859457993030588
2024-08-07,49.90070238912544,1.4403074832084393,3499.5858252903076,-0.04867909392734182
2024-08-08,52.35663005691707,1.4238760063325342,3483.972675907096,0.6831683439655378
2024-08-09,50.26533044587504,1.435593502896825,3463.203665101438,-0.3118585619852361
2024-08-10,53.36518541749008,1.4327056390894546,3454.9237277760712,-0.40421025640720987
2024-08-11,55.08784892863811,1.4478274176168524,3459.215028747211,0.9235875562402671
2024-08-12,54.46289957563912,1.4430951218306154,3452.322105882015,-0.82257895312402
2024-08-13,55.74699657256024,1.4367088087462931,3502.569575589949,-0.44020051839630825
2024-08-14,54.00623275239706,1.4206478346515716,3467.198403005983,0.5493158203796091
2024-08-15,56.45670078111992,1.4238316769854729,3417.0413812205625,0.8066191725112672
2024-08-16,58.178310030218086,1.4186484401016606,3448.3867990156064,0.24235632436672794
2024-08-17,61.30770030457346,1.4231107316661737,3523.7118806626645,0.419059566435279
2024-08-18,62.75235345136813,1.4212174874393657,3461.5966061133313,0.19991067735030943
2024-08-19,63.21016131747269,1.4335301622699115,3437.5252925683444,0.587153039192357
2024-08-20,64.20904935132228,1.4432492349530555,3393.061616995632,0.9651287528076775
2024-08-21,64.11494036818229,1.4357899918901815,3449.4774169390553,-0.09617279090405306
2024-08-22,64.3307404381108,1.435751786352727,3522.730043943033,-0.9885149610917958
2024-08-23,67.214521271763,1.4384918464515906,3501.6832767202973,0.5945230613978212
2024-08-24,66.24102369683695,1.445465157819004,3540.9072614024667,0.7374360853687945
2024-08-25,64.59138726167049,1.4516160633572939,3593.573688481186,0.20942658150793725
2024-08-26,63.60541200115292,1.4664057534805195,3605.43024864189,0.9625417232495972
2024-08-27,64.22802931873399,1.47771971391392,3641.2101396207345,-0.7678626543804696
2024-08-28,66.43192730728573,1.4791522179866257,3446.1931742346237,0.9236961873096954
2024-08-29,67.94149744014803,1.4680278887863576,3552.4177978462594,-0.351297584912341
2024-08-30,67.49263142749464,1.4764248130141286,3585.81249214707,0.09879029483239887
2024-08-31,68.03096871710574,1.4755411573766781,3538.051753746757,0.37172390022260937
2024-09-01,69.17891576303356,1.4697844221798606,3460.705058555978,-0.7748137772746941
2024-09-02,67.81438913715522,1.4670910154728334,3444.762731612005,-0.5883491060884423
2024-09-03,72.75516188806708,1.4690819673833413,3364.2816942647064,-0.02096081530894156
2024-09-04,70.67930347020068,1.4721332014549424,3419.762562741034,0.38145923459497144
2024-09-05,68.9779358838091,1.4845613305670835,3435.3035965358276,-0.756063435959968
2024-09-06,69.57453006334222,1.471925543882671,3391.920921142548,-0.9855402291091897
2024-09-07,67.87135367541272,1.4690750799761916,3301.447800433271,0.6942705157328832
2024-09-08,69.381095686698,1.4759660183667698,3228.820489612178,0.06842959085332034
2024-09-09,68.2040548246732,1.4776619693413522,3275.127833253375,-0.13126386693683822
2024-09-10,67.02945708875184,1.4850912199753215,3167.595182854439,-0.9033401185032175
2024-09-11,66.41260396693792,1.5053630142252121,3155.106165555843,0.4410766786371576
2024-09-12,66.09031506530692,1.4888337694340745,3207.7674694463944,-0.6262097461863771
2024-09-13,66.27722633849577,1.4732511420626995,3059.551091497407,0.7593932430847485
2024-09-14,69.97427246463202,1.4663946648209851,3026.484992846335,-0.969955769785545
2024-09-15,69.79417867894614,1.467424238786804,3096.600925077674,0.23627309252927264
2024-09-16,70.59456151233042,1.4725001554846273,3085.2976583942827,-0.913808942813761
2024-09-17,67.39937309899621,1.4548613713153395,3026.8714218030873,0.8817173145956401
2024-09-18,65.21748049885069,1.4691435676076419,3011.1332553674174,0.9535920163931335
2024-09-19,67.96945483465456,1.468429649394366,3089.6405731788564,-0.8647720212255865
2024-09-20,69.28255203389267,1.4727431010177157,3046.713993523392,-0.2031325174264642
2024-09-21,69.70466263065985,1.4601502346848159,3030.4625694677134,0.22908455830953467
2024-09-22,71.79170154753265,1.4519460888446938,3072.3840395332845,-0.7756724202829015
2024-09-23,71.49148783310282,1.4702983242194176,3042.4575685663604,-0.7319310629399467
2024-09-24,73.1809251127907,1.4763905384644285,3050.524094217229,-0.6156805246591059
2024-09-25,70.46403917742606,1.4656564961018437,3049.1743059650353,0.011990928676492985
2024-09-26,69.31188281110549,1.480411111499021,3013.9786295787476,-0.01510629176988143
2024-09-27,66.08223712978351,1.475576067816882,3096.3545325006594,0.4655338654861412
2024-09-28,65.70256080129982,1.488585792851234,3044.601053376626,-0.9272809050389077
2024-09-29,66.6389739319262,1.4832568052627049,3049.953408159484,-0.035774449614760284
2024-09-30,63.30534989266044,1.4840802021491843,3017.6462887863277,0.2265813394267877
2024-10-01,62.93316959104417,1.4831746331741074,2981.645219279302,-0.5985234538127118
2024-10-02,58.70294401218267,1.4824173286252278,2990.417562806881,-0.5013149600961546
2024-10-03,60.289199858692434,1.5015081926159242,2964.4272919286914,0.5078455049583648
2024-10-04,64.59498723212403,1.490290826955537,2889.162006293761,0.26784509884178065
2024-10-05,65.43029719713971,1.4932434625355122,2887.83728228027,0.3279586563001995
2024-10-06,66.14089905251268,1.4800913179916058,2896.0283729623334,-0.15908156831059062
2024-10-07,64.90436117198453,1.4770558250224786,2890.332709317372,-0.32670693395680006
2024-10-08,65.34566744960601,1.4920841366157789,2792.6481152961055,0.27339529041229826
2024-10-09,65.20684213351882,1.4925202119841017,2865.861811032912,-0.26378566562259875
2024-10-10,67.4846215358744,1.4865284015847535,2905.9846109265154,0.03138496007528979
2024-10-11,64.77951981562212,1.477532943409158,2983.38231034641,0.9292160088177137
2024-10-12,66.75124092927288,1.47537084793283,2994.7185618391914,0.706840045548977
2024-10-13,65.94487393415716,1.5003995300452289,2985.44207696875,0.28110366516217944
2024-10-14,67.89541900397649,1.4993941505896673,2989.5198642355995,-0.021028120790552496
2024-10-15,66.38432575448556,1.491620416215124,2914.159514887063,0.7547528207708638
2024-10-16,63.674363729306236,1.4891436319414153,2957.3938411866484,0.938692208277883
2024-10-17,61.46814549100497,1.4899510369023652,2910.514274465171,-0.4793436941249887
2024-10-18,61.86408475161844,1.495184949057057,2959.0024613309993,0.27541292927109207
2024-10-19,58.36482980087037,1.4785244673988611,2859.1936703981705,0.669098922939434
2024-10-20,62.01441868363539,1.4722497534424797,2912.8810229268347,-0.6579748041600195
2024-10-21,60.91142635962739,1.4670084291880718,2984.231046408222,0.7064412641098845
2024-10-22,61.62332339972926,1.483743738118589,2937.2428886961275,-0.47832261109410923
2024-10-23,60.86005495294258,1.496728518741906,2847.789841497182,-0.5606388202554884
2024-10-24,59.753662686932785,1.481842853015992,2912.106995900223,0.8858788468974144
2024-10-25,61.824263033481444,1.4929904200452155,2913.2672514044393,0.34485479964131893
2024-10-26,63.79841707027047,1.4939295945929942,3035.5635724859476,0.9874503733605153
2024-10-27,65.37270629891695,1.4859179156438023,3046.13688150547,0.3430951915125373
2024-10-28,65.60935640930462,1.4982107388127917,3095.716518202923,0.9457098313229955
2024-10-29,63.94432223697107,1.5052389366184333,3002.97500013371,-0.36602437816312783
2024-10-30,66.96182215376547,1.510114530638747,2895.5919901546636,0.4908765510847952
2024-10-31,66.13258925788487,1.4983496681231139,3023.2420030125522,0.13015147591368836
2024-11-01,69.47329508342074,1.500800289352655,3093.5195450134643,0.9613512138913551
2024-11-02,66.65646553070516,1.5013725751349056,3099.24096928062,0.6695680894991103
2024-11-03,63.94746640441811,1.4957245519683222,3065.761034780924,0.28277229724484965
2024-11-04,65.3955204706766,1.5083826271146514,3021.4725024570125,-0.7051300017994053
2024-11-05,67.14358494713397,1.51280280999217,2984.3317314921765,-0.07167063357755121
2024-11-06,67.15026710049048,1.509016940449493,2977.5124885402192,0.06506027253427438
2024-11-07,69.5772800544738,1.5027646061288724,2977.208382888245,-0.8424971658933047
2024-11-08,70.75151998148257,1.51813932113283,2976.9697234963546,0.3219870465758994
2024-11-09,71.7890077537351,1.534283608950002,3071.1435581691867,-0.8357033960439011
2024-11-10,74.05895949055103,1.519486490185281,3046.7739185364444,-0.21471635561874725
2024-11-11,67.97571396143945,1.5226684976036746,3078.83950787862,0.9563909457254283
2024-11-12,69.99500826682467,1.5268115044602522,3084.1207284160237,0.4904173096540194
2024-11-13,66.8844945401575,1.5184004014110433,3102.196854334442,-0.9615162831045598
2024-11-14,66.08905007251535,1.5147748554217562,3089.083451029606,-0.752713734071107
2024-11-15,67.7079102540003,1.5199380669511697,3068.0459205094885,-0.8019447138444797
2024-11-16,64.43081178738657,1.5343510145324886,3013.5465427971712,0.457153641218629
2024-11-17,63.43787786835279,1.5394722057260426,3057.47563467045,0.8401062429889126
2024-11-18,63.17582137138769,1.5318919177088832,3039.994628520024,0.42274905564282306
2024-11-19,62.933581271065634,1.5472709098310526,3082.84893388967,-0.4465144703337425
2024-11-20,62.14414895285661,1.5457305442943448,3137.037620076287,0.5616466216904847
2024-11-21,63.0355431536906,1.5272460389779074,3180.279303636847,0.08555548381231959
2024-11-22,60.96229245220261,1.5259857136233248,3205.823413908219,-0.5744202789689499
2024-11-23,62.05875380942228,1.5241259381070917,3114.6804280440315,-0.5269950290391154
2024-11-24,62.852988953763266,1.5271313173106382,3084.305109478465,0.6662056020377116
2024-11-25,60.91638914616705,1.5253228240610848,3069.9564135098467,0.15377875788201156
2024-11-26,58.651628706732964,1.5442389979136122,3019.4754980274615,0.30118469151446225
2024-11-27,58.21398207080185,1.5476902537618655,3105.135525673362,-0.6825807873318914
2024-11-28,57.265087416815746,1.535956997080765,2991.7650322602126,-0.9214251219386838
2024-11-29,54.57290717163352,1.5145274769502595,3019.0657731405017,-0.1992811434865871
2024-11-30,57.13421763990425,1.5135327521913218,3024.9606008546875,-0.3739258064783564
2024-12-01,60.679094603355914,1.5164827807081092,2993.0165999850797,0.6316669793441083
2024-12-02,60.99235893216482,1.517970594803626,2903.1579602971146,-0.2807611637647198
2024-12-03,57.703298566907314,1.5106276436138957,2953.8081418701904,0.43435196806892695
2024-12-04,61.72126820641699,1.5116870016019823,2945.7638932727846,-0.43969157002481185
2024-12-05,56.48151910432653,1.5029328159503965,2948.269335374222,-0.09328659636684389
2024-12-06,58.08560483048315,1.499355041476501,2940.3713090198,0.5247975541077294
2024-12-07,57.44493170833947,1.494989245403721,2924.622968715821,-0.38127399141409546
2024-12-08,59.858908507714034,1.4828421092090636,2875.733303412451,-0.5656323345485519
2024-12-09,63.80403263098684,1.472083855808885,2885.444189346181,0.9603814866917495
2024-12-10,68.53682921923212,1.4608633128277972,2861.311727854811,0.39667895261088826
2024-12-11,69.83032850422254,1.4796038969336895,2801.766132105307,0.390479693299598
2024-12-12,66.76981741658986,1.4807403954810805,2790.954720098807,0.7203698053835805
2024-12-13,66.15448922583953,1.469079082832177,2732.4479482513066,-0.609111940477346
2024-12-14,66.25305705723937,1.4685529865760092,2753.833459781495,-0.5714941044910431
2024-12-15,69.27862659238286,1.4613158174191057,2793.3947076431114,-0.9151594273120782
2024-12-16,67.28592495128201,1.4572078511261781,2741.869648975673,-0.8192623857085068
2024-12-17,65.72476343105444,1.4501265537359767,2674.864511555595,0.6568380152432334
2024-12-18,66.07779828243469,1.4468678982371692,2680.475629367678,-0.9330307791066312
2024-12-19,67.12215883089108,1.4515099635742101,2738.7266940389604,-0.6986804282173686
2024-12-20,65.4814608346008,1.4559914434352859,2689.037353105864,-0.44330465784107465
2024-12-21,67.6164386807294,1.4493372063087064,2730.115597251096,0.7444230969472994
2024-12-22,66.67987993254185,1.4257047042475386,2798.9939863526615,-0.4136887639034994
2024-12-23,67.76019031002483,1.4428637896109286,2810.3457775852276,0.2685090964004333
2024-12-24,67.73715943625736,1.4521499988026139,2829.0938493281083,0.2139154693997729
2024-12-25,61.6304133160579,1.4424820599588157,2903.2635672060137,-0.2813206878753973
2024-12-26,62.133169976192605,1.4455057172785337,2867.4155201023605,-0.07306676657970912
2024-12-27,59.92544697815981,1.427657850606756,2893.6995774404863,-0.18145001657211401
2024-12-28,61.047198104069835,1.4290554591829527,2799.00909493975,-0.8455440364999527
2024-12-29,56.86701205928161,1.4203258137582655,2834.245436599068,0.6953792355718085
2024-12-30,56.331249579216085,1.4272552935901617,2867.3616460663206,-0.2834421047335107
2024-12-31,58.91743717613683,1.4215031070526374,2799.559193158265,0.8446405446343048
